{
  "project_info": {
    "project_number": "986445995728",
    "firebase_url": "https://label-it-db.firebaseio.com",
    "project_id": "label-it-db",
    "storage_bucket": "label-it-db.appspot.com"
  },
  "client": [
    {
      "client_info": {
        "mobilesdk_app_id": "1:986445995728:android:22024856eec336a45808d5",
        "android_client_info": {
          "package_name": "com.edu.ifsp_prc.labelit"
        }
      },
      "oauth_client": [
        {
          "client_id": "986445995728-bkkjbi61ifi01tmj7n40ar3ko8mm1gvg.apps.googleusercontent.com",
          "client_type": 1,
          "android_info": {
            "package_name": "com.edu.ifsp_prc.labelit",
            "certificate_hash": "907b0c14c137737cee17889958c2d7a71ab77074"
          }
        },
        {
          "client_id": "986445995728-qhh8m0eou8l0i3stmci3p1lt089cqmit.apps.googleusercontent.com",
          "client_type": 3
        }
      ],
      "api_key": [
        {
          "current_key": "AIzaSyCxSoGytZJ1zN-uxrwF8IGyaZd_k3p6KVw"
        }
      ],
      "services": {
        "appinvite_service": {
          "other_platform_oauth_client": [
            {
              "client_id": "986445995728-qhh8m0eou8l0i3stmci3p1lt089cqmit.apps.googleusercontent.com",
              "client_type": 3
            }
          ]
        }
      }
    }
  ],
  "configuration_version": "1"
}